repo,user,first_pr_at,last_pr_at,total_prs,merged_prs,avg_review_time_hours,first_review_time_hours,is_returning_contributor,issue_count,participated_in_issues,onboarding_speed_bucket,days_active
kalviumcommunity__contributor-compass,adkinsbrian,2025-05-20 03:47:31+00:00,2025-05-20 03:47:31+00:00,1,1,5.286222281666667,5.286222281666667,False,0,False,fast (<12h),0
kalviumcommunity__contributor-compass,adrianzimmerman,2024-11-03 07:14:05+00:00,2025-07-08 07:14:05+00:00,5,5,15.676550669166668,2.0502905105555556,True,1,True,fast (<12h),247
kalviumcommunity__contributor-compass,agomez,2025-08-15 05:19:38+00:00,2026-03-16 05:19:38+00:00,6,6,25.29037025800926,2.1506381675,True,2,True,fast (<12h),213
kalviumcommunity__contributor-compass,amandasanchez,2025-07-28 00:58:06+00:00,2025-07-28 00:58:06+00:00,1,1,29.760836364166668,29.760836364166668,False,0,False,moderate (12-48h),0
kalviumcommunity__contributor-compass,amydavenport,2025-12-29 17:41:35+00:00,2026-02-09 17:41:35+00:00,2,1,19.341043583055555,16.85410214222222,True,2,True,moderate (12-48h),42
kalviumcommunity__contributor-compass,barnesbrandy,2025-10-05 09:53:20+00:00,2025-10-05 09:53:20+00:00,1,1,23.91864146472222,23.91864146472222,False,0,False,moderate (12-48h),0
kalviumcommunity__contributor-compass,bethwilliams,2026-05-29 17:58:50+00:00,2027-02-05 17:58:50+00:00,6,3,28.811709662407406,24.779248029722222,True,0,False,moderate (12-48h),252
kalviumcommunity__contributor-compass,brianromero,2025-08-04 10:57:12+00:00,2026-02-02 10:57:12+00:00,4,3,19.02616349425926,7.708231481388889,True,0,False,fast (<12h),182
kalviumcommunity__contributor-compass,brownjessica,2025-04-10 04:54:16+00:00,2025-06-06 04:54:16+00:00,2,2,19.57658001472222,29.32989514361111,True,1,True,moderate (12-48h),57
kalviumcommunity__contributor-compass,caseyjones,2024-03-20 22:02:55+00:00,2024-10-07 22:02:55+00:00,4,4,25.553768411944446,15.930354048333333,True,0,False,moderate (12-48h),201
kalviumcommunity__contributor-compass,cassandra07,2025-09-11 19:30:39+00:00,2026-01-13 19:30:39+00:00,4,2,22.0630149575,24.092096390555554,True,0,False,moderate (12-48h),124
kalviumcommunity__contributor-compass,chad34,2025-09-19 20:44:17+00:00,2026-06-06 20:44:17+00:00,5,3,23.63416393261111,34.79782839361111,True,0,False,moderate (12-48h),260
kalviumcommunity__contributor-compass,chapmanjerry,2025-08-13 21:31:14+00:00,2026-03-21 21:31:14+00:00,6,5,14.301713936111112,4.261838215277778,True,1,True,fast (<12h),220
kalviumcommunity__contributor-compass,cheryl80,2025-05-06 02:30:44+00:00,2025-05-06 02:30:44+00:00,1,0,44.016449138333336,44.016449138333336,False,0,False,moderate (12-48h),0
kalviumcommunity__contributor-compass,darrell18,2024-04-29 04:44:20+00:00,2024-10-24 04:44:20+00:00,6,5,16.436816821620372,17.348064045277777,True,0,False,moderate (12-48h),178
kalviumcommunity__contributor-compass,david51,2025-09-06 19:15:06+00:00,2025-09-06 19:15:06+00:00,1,1,58.423820391944446,58.423820391944446,False,0,False,slow (>48h),0
kalviumcommunity__contributor-compass,davidalvarez,2025-03-05 04:02:20+00:00,2025-07-17 04:02:20+00:00,3,3,18.016430899583334,14.220567819444446,True,3,True,moderate (12-48h),134
kalviumcommunity__contributor-compass,dcarlson,2024-07-07 12:34:35+00:00,2024-07-07 12:34:35+00:00,1,1,86.23935916222223,86.23935916222223,False,0,False,slow (>48h),0
kalviumcommunity__contributor-compass,ddavis,2025-03-16 20:19:26+00:00,2025-06-24 20:19:26+00:00,4,4,20.479742101944442,35.894260664444445,True,0,False,moderate (12-48h),100
kalviumcommunity__contributor-compass,dking,2024-06-06 02:48:03+00:00,2024-08-31 02:48:03+00:00,3,3,23.333964337314814,29.744345458055555,True,0,False,moderate (12-48h),86
kalviumcommunity__contributor-compass,donaldgarcia,2026-04-26 12:53:27+00:00,2026-07-18 12:53:27+00:00,3,2,18.59939039351852,33.1379568925,True,2,True,moderate (12-48h),83
kalviumcommunity__contributor-compass,dshields,2025-03-22 10:15:56+00:00,2025-03-22 10:15:56+00:00,1,0,71.42890796777777,71.42890796777777,False,0,False,slow (>48h),0
kalviumcommunity__contributor-compass,dudleynicholas,2024-04-20 01:45:12+00:00,2024-07-12 01:45:12+00:00,2,2,15.830497337083333,21.5947203075,True,2,True,moderate (12-48h),83
kalviumcommunity__contributor-compass,ericfarmer,2026-04-17 22:59:59+00:00,2026-04-17 22:59:59+00:00,1,0,88.32325873305555,88.32325873305555,False,0,False,slow (>48h),0
kalviumcommunity__contributor-compass,erik16,2025-03-27 01:29:25+00:00,2025-11-02 01:29:25+00:00,5,3,22.392635633055555,24.848860145555555,True,2,True,moderate (12-48h),220
kalviumcommunity__contributor-compass,esanchez,2024-07-01 11:27:19+00:00,2024-08-14 11:27:19+00:00,2,2,7.135058539861111,9.11669757361111,True,3,True,fast (<12h),44
kalviumcommunity__contributor-compass,evan78,2026-02-20 05:43:13+00:00,2026-09-27 05:43:13+00:00,5,1,17.124411062708333,13.295254467222223,True,1,True,moderate (12-48h),219
kalviumcommunity__contributor-compass,evelynestrada,2025-12-22 18:23:49+00:00,2025-12-22 18:23:49+00:00,1,0,58.32169331833333,58.32169331833333,False,1,True,slow (>48h),0
kalviumcommunity__contributor-compass,gabriellecameron,2024-11-23 04:50:33+00:00,2025-02-03 04:50:33+00:00,2,1,26.016637609166665,32.264202579999996,True,0,False,moderate (12-48h),72
kalviumcommunity__contributor-compass,gabrieltucker,2025-07-31 01:32:28+00:00,2025-07-31 01:32:28+00:00,1,1,63.02261117638889,63.02261117638889,False,3,True,slow (>48h),0
kalviumcommunity__contributor-compass,garrisonjeffrey,2024-04-25 05:04:20+00:00,2024-04-25 05:04:20+00:00,1,1,,,False,1,True,,0
kalviumcommunity__contributor-compass,garzaanthony,2024-05-02 09:53:03+00:00,2024-09-14 09:53:03+00:00,5,4,20.884189509537038,10.939341181944446,True,0,False,fast (<12h),135
kalviumcommunity__contributor-compass,georgetracy,2025-01-19 03:23:23+00:00,2025-01-19 03:23:23+00:00,1,0,49.799008287499994,49.799008287499994,False,2,True,slow (>48h),0
kalviumcommunity__contributor-compass,glee,2025-03-15 09:00:05+00:00,2025-09-14 09:00:05+00:00,5,4,24.71729240133333,44.53102705361111,True,0,False,moderate (12-48h),183
kalviumcommunity__contributor-compass,harrellkenneth,2025-08-11 22:50:59+00:00,2025-08-11 22:50:59+00:00,1,1,,,False,0,False,,0
kalviumcommunity__contributor-compass,hernandezernest,2025-01-14 00:23:57+00:00,2025-01-14 00:23:57+00:00,1,1,44.40864271638889,44.40864271638889,False,0,False,moderate (12-48h),0
kalviumcommunity__contributor-compass,hhoffman,2024-03-23 17:33:38+00:00,2024-03-23 17:33:38+00:00,1,1,83.72498991472223,83.72498991472223,False,1,True,slow (>48h),0
kalviumcommunity__contributor-compass,hickmannatasha,2024-06-26 22:05:41+00:00,2024-06-26 22:05:41+00:00,1,1,32.5976690925,32.5976690925,False,0,False,moderate (12-48h),0
kalviumcommunity__contributor-compass,hoffmanjennifer,2025-05-03 20:02:30+00:00,2025-08-08 20:02:30+00:00,4,3,24.459511784444445,36.841169247777785,True,0,False,moderate (12-48h),97
kalviumcommunity__contributor-compass,hshaw,2026-05-06 11:16:01+00:00,2026-06-28 11:16:01+00:00,2,2,40.00897262875,52.94490379638889,True,0,False,slow (>48h),53
kalviumcommunity__contributor-compass,ibrandt,2024-10-14 14:53:11+00:00,2024-10-14 14:53:11+00:00,1,1,42.67719269888889,42.67719269888889,False,0,False,moderate (12-48h),0
kalviumcommunity__contributor-compass,ilewis,2025-01-06 17:39:21+00:00,2025-01-06 17:39:21+00:00,1,1,24.6076937125,24.6076937125,False,0,False,moderate (12-48h),0
kalviumcommunity__contributor-compass,ithomas,2024-12-12 07:11:32+00:00,2024-12-12 07:11:32+00:00,1,1,36.333735070555555,36.333735070555555,False,0,False,moderate (12-48h),0
kalviumcommunity__contributor-compass,jacqueline19,2026-05-24 13:55:27+00:00,2026-05-24 13:55:27+00:00,1,1,39.74918240888889,39.74918240888889,False,0,False,moderate (12-48h),0
kalviumcommunity__contributor-compass,james48,2025-10-19 17:44:00+00:00,2025-10-19 17:44:00+00:00,1,1,25.211149103333334,25.211149103333334,False,1,True,moderate (12-48h),0
kalviumcommunity__contributor-compass,jamesmichael,2026-04-07 12:43:31+00:00,2026-05-20 12:43:31+00:00,2,2,48.51943934472222,48.51943934472222,True,0,False,slow (>48h),43
kalviumcommunity__contributor-compass,janetwilliams,2026-05-04 21:36:53+00:00,2026-05-04 21:36:53+00:00,1,1,26.894434313888887,26.894434313888887,False,0,False,moderate (12-48h),0
kalviumcommunity__contributor-compass,jason76,2024-11-22 08:13:15+00:00,2025-04-25 08:13:15+00:00,4,4,36.3023813125,40.468431510555554,True,3,True,moderate (12-48h),154
kalviumcommunity__contributor-compass,jeffrey28,2025-05-15 14:19:19+00:00,2025-05-15 14:19:19+00:00,1,1,3.6397816475,3.6397816475,False,0,False,fast (<12h),0
kalviumcommunity__contributor-compass,jeffreykeller,2024-09-18 23:12:07+00:00,2024-09-18 23:12:07+00:00,1,1,2.374187156944444,2.374187156944444,False,0,False,fast (<12h),0
kalviumcommunity__contributor-compass,jenniferross,2026-03-25 23:52:48+00:00,2026-06-11 23:52:48+00:00,2,1,,,True,0,False,,78
kalviumcommunity__contributor-compass,john39,2025-08-06 00:27:27+00:00,2025-12-14 00:27:27+00:00,4,3,22.595442028402775,15.27551928,True,2,True,moderate (12-48h),130
kalviumcommunity__contributor-compass,johnsonjoshua,2024-06-21 22:43:23+00:00,2024-06-21 22:43:23+00:00,1,1,49.80361852361111,49.80361852361111,False,2,True,slow (>48h),0
kalviumcommunity__contributor-compass,jonesjason,2025-05-19 12:14:07+00:00,2025-05-19 12:14:07+00:00,1,1,5.053330705555555,5.053330705555555,False,1,True,fast (<12h),0
kalviumcommunity__contributor-compass,josephanderson,2024-01-13 00:11:30+00:00,2024-01-13 00:11:30+00:00,1,1,3.4689636411111113,3.4689636411111113,False,0,False,fast (<12h),0
kalviumcommunity__contributor-compass,josephbrennan,2025-04-21 07:44:01+00:00,2025-04-21 07:44:01+00:00,1,0,29.88818986861111,29.88818986861111,False,0,False,moderate (12-48h),0
kalviumcommunity__contributor-compass,josephjacobs,2024-09-03 14:29:15+00:00,2025-07-08 14:29:15+00:00,5,5,27.247659737388886,29.560254181944448,True,3,True,moderate (12-48h),308
kalviumcommunity__contributor-compass,jpeterson,2024-10-04 12:37:29+00:00,2024-12-17 12:37:29+00:00,2,2,7.548270594444444,1.7888031802777777,True,0,False,fast (<12h),74
kalviumcommunity__contributor-compass,julieryan,2025-03-09 14:32:02+00:00,2025-10-05 14:32:02+00:00,5,4,27.799943146388888,12.289617424444446,True,3,True,moderate (12-48h),210
kalviumcommunity__contributor-compass,kayla51,2025-05-29 00:09:08+00:00,2025-05-29 00:09:08+00:00,1,1,58.22045060888889,58.22045060888889,False,3,True,slow (>48h),0
kalviumcommunity__contributor-compass,kendragalloway,2025-01-02 04:51:58+00:00,2025-01-02 04:51:58+00:00,1,1,44.46964228611111,44.46964228611111,False,2,True,moderate (12-48h),0
kalviumcommunity__contributor-compass,khowell,2024-04-30 22:55:42+00:00,2024-04-30 22:55:42+00:00,1,1,51.200970519444446,51.200970519444446,False,0,False,slow (>48h),0
kalviumcommunity__contributor-compass,kimberly63,2025-02-10 15:44:30+00:00,2025-06-15 15:44:30+00:00,4,3,36.33458016111111,60.55819757694445,True,0,False,slow (>48h),125
kalviumcommunity__contributor-compass,kimberly69,2025-04-26 16:28:00+00:00,2026-01-11 16:28:00+00:00,6,5,25.24587838240741,26.570144064444445,True,0,False,moderate (12-48h),260
kalviumcommunity__contributor-compass,landryhannah,2025-06-04 20:31:49+00:00,2025-06-04 20:31:49+00:00,1,1,33.49712317222222,33.49712317222222,False,0,False,moderate (12-48h),0
kalviumcommunity__contributor-compass,lisa02,2024-06-26 22:47:54+00:00,2024-06-26 22:47:54+00:00,1,1,17.09327476888889,17.09327476888889,False,1,True,moderate (12-48h),0
kalviumcommunity__contributor-compass,lrobinson,2024-08-25 10:20:14+00:00,2024-11-10 10:20:14+00:00,2,2,0.9147879341666666,0.9147879341666666,True,0,False,fast (<12h),77
kalviumcommunity__contributor-compass,ltaylor,2025-12-23 17:53:54+00:00,2025-12-23 17:53:54+00:00,1,1,60.599460120555555,60.599460120555555,False,2,True,slow (>48h),0
kalviumcommunity__contributor-compass,maria95,2024-04-04 03:48:15+00:00,2024-05-08 03:48:15+00:00,2,2,16.687004180694444,21.404803138055556,True,0,False,moderate (12-48h),34
kalviumcommunity__contributor-compass,michellebarrera,2024-06-29 09:17:07+00:00,2024-06-29 09:17:07+00:00,1,1,72.79280856027778,72.79280856027778,False,0,False,slow (>48h),0
kalviumcommunity__contributor-compass,michellejames,2026-05-13 08:32:41+00:00,2026-05-13 08:32:41+00:00,1,1,54.93335164333333,54.93335164333333,False,0,False,slow (>48h),0
kalviumcommunity__contributor-compass,mikemoore,2024-10-28 05:15:14+00:00,2024-11-25 05:15:14+00:00,2,2,20.727370180277777,20.727370180277777,True,3,True,moderate (12-48h),28
kalviumcommunity__contributor-compass,millertodd,2025-11-07 12:08:15+00:00,2025-11-07 12:08:15+00:00,1,1,51.660496630000004,51.660496630000004,False,0,False,slow (>48h),0
kalviumcommunity__contributor-compass,mitchellclark,2025-10-13 05:50:15+00:00,2026-01-21 05:50:15+00:00,3,3,31.397962133796295,38.10513218277777,True,0,False,moderate (12-48h),100
kalviumcommunity__contributor-compass,nicholasgalloway,2024-08-28 01:01:52+00:00,2025-02-02 01:01:52+00:00,4,3,39.00873779462963,59.95173808472222,True,0,False,slow (>48h),158
kalviumcommunity__contributor-compass,novaksara,2026-05-15 18:07:13+00:00,2026-05-15 18:07:13+00:00,1,1,0.5996126069444444,0.5996126069444444,False,0,False,fast (<12h),0
kalviumcommunity__contributor-compass,ogray,2026-04-01 16:20:18+00:00,2026-04-01 16:20:18+00:00,1,1,76.02631097805555,76.02631097805555,False,1,True,slow (>48h),0
kalviumcommunity__contributor-compass,perezantonio,2024-03-09 11:40:25+00:00,2024-03-09 11:40:25+00:00,1,1,84.63033104166666,84.63033104166666,False,2,True,slow (>48h),0
kalviumcommunity__contributor-compass,perezrebecca,2024-02-02 05:26:47+00:00,2024-06-18 05:26:47+00:00,4,4,23.927881747592593,42.865852590833335,True,3,True,moderate (12-48h),137
kalviumcommunity__contributor-compass,rachel05,2024-05-12 23:55:10+00:00,2024-09-20 23:55:10+00:00,3,3,17.43381629953704,31.352137623611114,True,3,True,moderate (12-48h),131
kalviumcommunity__contributor-compass,richard13,2026-05-08 07:37:43+00:00,2026-05-08 07:37:43+00:00,1,1,37.79901741722222,37.79901741722222,False,0,False,moderate (12-48h),0
kalviumcommunity__contributor-compass,richarddavid,2026-05-14 20:45:45+00:00,2026-05-14 20:45:45+00:00,1,1,56.17437285388888,56.17437285388888,False,2,True,slow (>48h),0
kalviumcommunity__contributor-compass,robinsonwilliam,2025-01-15 07:12:46+00:00,2025-01-15 07:12:46+00:00,1,1,,,False,2,True,,0
kalviumcommunity__contributor-compass,russellwilliams,2026-02-15 10:59:02+00:00,2026-03-15 10:59:02+00:00,2,2,31.84149391,43.898215462222225,True,0,False,moderate (12-48h),28
kalviumcommunity__contributor-compass,ryan70,2026-04-16 02:19:01+00:00,2026-04-29 02:19:01+00:00,2,2,15.328852772083334,29.50951426638889,True,0,False,moderate (12-48h),13
kalviumcommunity__contributor-compass,samuel87,2026-05-09 14:43:03+00:00,2026-08-18 14:43:03+00:00,4,3,40.6099769737963,14.288871808055555,True,0,False,moderate (12-48h),101
kalviumcommunity__contributor-compass,sara74,2025-12-07 09:05:32+00:00,2025-12-07 09:05:32+00:00,1,1,10.970147501388889,10.970147501388889,False,2,True,fast (<12h),0
kalviumcommunity__contributor-compass,sarah12,2025-03-02 16:34:35+00:00,2025-03-02 16:34:35+00:00,1,1,10.451399114722221,10.451399114722221,False,0,False,fast (<12h),0
kalviumcommunity__contributor-compass,sarah35,2025-04-24 02:42:30+00:00,2025-04-24 02:42:30+00:00,1,1,71.48310938499999,71.48310938499999,False,1,True,slow (>48h),0
kalviumcommunity__contributor-compass,sarayoung,2025-05-13 23:37:48+00:00,2025-05-13 23:37:48+00:00,1,1,40.324487929444444,40.324487929444444,False,0,False,moderate (12-48h),0
kalviumcommunity__contributor-compass,smithkellie,2025-07-25 10:06:17+00:00,2025-07-25 10:06:17+00:00,1,1,49.95011831583333,49.95011831583333,False,0,False,slow (>48h),0
kalviumcommunity__contributor-compass,smoore,2026-01-09 19:44:11+00:00,2026-04-08 19:44:11+00:00,3,3,22.657151319537036,7.5374998983333334,True,0,False,fast (<12h),89
kalviumcommunity__contributor-compass,spenceamanda,2026-04-16 00:32:24+00:00,2026-07-15 00:32:24+00:00,3,3,18.86894459111111,34.31114280777778,True,1,True,moderate (12-48h),90
kalviumcommunity__contributor-compass,stephen10,2025-07-04 04:18:33+00:00,2025-07-04 04:18:33+00:00,1,1,30.435903414722222,30.435903414722222,False,0,False,moderate (12-48h),0
kalviumcommunity__contributor-compass,steven17,2025-07-11 14:58:02+00:00,2026-01-10 14:58:02+00:00,6,6,19.068595646277778,8.121515541666666,True,2,True,fast (<12h),183
kalviumcommunity__contributor-compass,susanrogers,2025-05-18 13:24:49+00:00,2025-07-06 13:24:49+00:00,2,2,20.8155986975,20.893713103611113,True,0,False,moderate (12-48h),49
kalviumcommunity__contributor-compass,tanyariley,2025-11-20 01:12:08+00:00,2025-11-20 01:12:08+00:00,1,0,40.64657180194445,40.64657180194445,False,1,True,moderate (12-48h),0
kalviumcommunity__contributor-compass,tasha01,2025-11-18 12:19:59+00:00,2026-05-23 12:19:59+00:00,5,4,10.053285434861111,4.454560206666667,True,1,True,fast (<12h),186
kalviumcommunity__contributor-compass,teresa28,2025-12-27 01:34:03+00:00,2025-12-27 01:34:03+00:00,1,1,91.46857435444444,91.46857435444444,False,2,True,slow (>48h),0
kalviumcommunity__contributor-compass,theresacochran,2025-10-23 22:45:31+00:00,2026-02-12 22:45:31+00:00,4,4,36.59026477319444,43.54508545361111,True,0,False,moderate (12-48h),112
kalviumcommunity__contributor-compass,uhorton,2024-12-01 11:14:59+00:00,2025-03-26 11:14:59+00:00,4,3,32.330884203125,37.026858425,True,2,True,moderate (12-48h),115
kalviumcommunity__contributor-compass,vjohnson,2025-11-11 16:16:01+00:00,2026-04-04 16:16:01+00:00,3,3,20.886620113333333,39.10532349138889,True,2,True,moderate (12-48h),144
kalviumcommunity__contributor-compass,waltersmaria,2024-03-08 20:58:18+00:00,2024-03-08 20:58:18+00:00,1,1,,,False,1,True,,0
kalviumcommunity__contributor-compass,williamsyvette,2026-04-17 22:34:43+00:00,2026-07-10 22:34:43+00:00,3,3,33.36972163958333,18.774510866666667,True,1,True,moderate (12-48h),84
kalviumcommunity__contributor-compass,wrightcaleb,2024-03-24 06:41:28+00:00,2024-05-26 06:41:28+00:00,2,2,49.37845787888889,56.42708166944444,True,0,False,slow (>48h),63
kalviumcommunity__contributor-compass,wrightjames,2024-08-10 07:48:55+00:00,2024-08-10 07:48:55+00:00,1,1,37.89212919805556,37.89212919805556,False,0,False,moderate (12-48h),0
kalviumcommunity__contributor-compass,xreid,2026-04-22 06:30:08+00:00,2026-04-22 06:30:08+00:00,1,1,50.116759303888884,50.116759303888884,False,3,True,slow (>48h),0
kalviumcommunity__contributor-compass,ybailey,2026-03-15 20:14:51+00:00,2026-03-15 20:14:51+00:00,1,1,41.669736640555556,41.669736640555556,False,3,True,moderate (12-48h),0
kalviumcommunity__contributor-compass,ycarlson,2024-12-05 22:59:20+00:00,2024-12-05 22:59:20+00:00,1,0,58.26183502138889,58.26183502138889,False,0,False,slow (>48h),0
kalviumcommunity__contributor-compass,zhurst,2025-09-17 02:34:25+00:00,2026-02-02 02:34:25+00:00,3,3,13.06775785888889,20.417432404166668,True,0,False,moderate (12-48h),138
sample-org__data-widgets,alyssa42,2024-02-19 07:14:44+00:00,2024-02-19 07:14:44+00:00,1,1,30.92233239416667,30.92233239416667,False,2,True,moderate (12-48h),0
sample-org__data-widgets,amanda75,2025-01-24 10:37:59+00:00,2025-05-21 10:37:59+00:00,3,3,19.090387465000003,4.7501181713888885,True,3,True,fast (<12h),117
sample-org__data-widgets,amandaknight,2024-09-28 21:46:11+00:00,2024-09-28 21:46:11+00:00,1,1,20.100450222222225,20.100450222222225,False,0,False,moderate (12-48h),0
sample-org__data-widgets,anthony39,2025-09-13 18:24:35+00:00,2025-11-15 18:24:35+00:00,2,1,4.100523167222222,4.100523167222222,True,0,False,fast (<12h),63
sample-org__data-widgets,barbara27,2024-10-08 13:53:00+00:00,2025-06-12 13:53:00+00:00,5,5,16.558378935277776,3.215854913055556,True,3,True,fast (<12h),247
sample-org__data-widgets,batesdarlene,2026-02-16 17:36:55+00:00,2026-06-28 17:36:55+00:00,3,3,31.806642902685184,44.929287386666665,True,1,True,moderate (12-48h),132
sample-org__data-widgets,brenda51,2025-07-19 13:42:25+00:00,2026-01-17 13:42:25+00:00,4,4,15.850649690416667,33.00541321666667,True,1,True,moderate (12-48h),182
sample-org__data-widgets,brendali,2024-07-02 21:47:53+00:00,2024-07-02 21:47:53+00:00,1,0,49.230844518333335,49.230844518333335,False,0,False,slow (>48h),0
sample-org__data-widgets,brownlaura,2024-06-05 20:48:05+00:00,2024-09-02 20:48:05+00:00,2,1,14.744928664166668,19.63545748527778,True,0,False,moderate (12-48h),89
sample-org__data-widgets,bruce43,2024-04-03 09:03:54+00:00,2024-04-03 09:03:54+00:00,1,1,67.61907258305556,67.61907258305556,False,0,False,slow (>48h),0
sample-org__data-widgets,cgrimes,2024-01-18 07:42:35+00:00,2024-01-18 07:42:35+00:00,1,0,,,False,3,True,,0
sample-org__data-widgets,charleslandry,2026-03-16 00:05:16+00:00,2026-08-02 00:05:16+00:00,4,3,26.92672840590278,34.69182066333333,True,0,False,moderate (12-48h),139
sample-org__data-widgets,christopher60,2026-04-13 04:42:04+00:00,2026-06-06 04:42:04+00:00,2,2,55.83325313736111,86.15563610111111,True,0,False,slow (>48h),54
sample-org__data-widgets,cindy61,2024-01-29 22:12:18+00:00,2024-12-12 22:12:18+00:00,6,5,22.99821803038889,59.146675253055555,True,0,False,slow (>48h),318
sample-org__data-widgets,cindy77,2025-10-10 12:42:19+00:00,2026-03-10 12:42:19+00:00,5,2,26.010116774222222,29.058502945,True,0,False,moderate (12-48h),151
sample-org__data-widgets,courtney78,2026-04-17 18:02:19+00:00,2026-10-03 18:02:19+00:00,4,3,28.105559419907408,54.94717548361111,True,1,True,slow (>48h),169
sample-org__data-widgets,cwilson,2025-11-19 04:41:26+00:00,2026-07-14 04:41:26+00:00,5,4,24.361778300388888,43.66360668333333,True,0,False,moderate (12-48h),237
sample-org__data-widgets,danielle64,2025-08-01 08:42:32+00:00,2026-01-12 08:42:32+00:00,3,3,16.66313702388889,24.095088458333336,True,0,False,moderate (12-48h),164
sample-org__data-widgets,darrell68,2025-01-20 15:00:46+00:00,2025-06-06 15:00:46+00:00,3,2,30.542048927870372,20.49416633222222,True,0,False,moderate (12-48h),137
sample-org__data-widgets,dudleychelsea,2024-11-01 04:53:53+00:00,2024-11-01 04:53:53+00:00,1,1,40.55529810583334,40.55529810583334,False,0,False,moderate (12-48h),0
sample-org__data-widgets,elizabeth25,2026-01-04 23:42:07+00:00,2026-05-02 23:42:07+00:00,3,3,21.258307417592594,9.531540166111112,True,0,False,fast (<12h),118
sample-org__data-widgets,elizabeth74,2026-02-01 10:32:59+00:00,2026-07-07 10:32:59+00:00,3,3,41.410407248240745,47.399024250555556,True,0,False,moderate (12-48h),156
sample-org__data-widgets,erica21,2024-10-19 22:26:08+00:00,2024-10-19 22:26:08+00:00,1,1,70.5480419561111,70.5480419561111,False,0,False,slow (>48h),0
sample-org__data-widgets,fwalters,2024-12-31 01:26:06+00:00,2024-12-31 01:26:06+00:00,1,0,53.839111716944444,53.839111716944444,False,0,False,slow (>48h),0
sample-org__data-widgets,gbender,2025-05-28 13:47:46+00:00,2025-05-28 13:47:46+00:00,1,0,45.8281876975,45.8281876975,False,0,False,moderate (12-48h),0
sample-org__data-widgets,gcastaneda,2025-07-13 17:12:10+00:00,2025-07-13 17:12:10+00:00,1,0,,,False,3,True,,0
sample-org__data-widgets,georgemiller,2026-04-15 14:29:30+00:00,2026-09-12 14:29:30+00:00,3,3,22.181523165555557,36.535370676666666,True,1,True,moderate (12-48h),150
sample-org__data-widgets,gibsonleonard,2024-10-02 06:35:08+00:00,2024-11-22 06:35:08+00:00,2,2,17.913908237083334,24.480158530833332,True,0,False,moderate (12-48h),51
sample-org__data-widgets,harrisandrea,2025-04-03 11:38:16+00:00,2025-09-12 11:38:16+00:00,3,3,27.699572122592595,38.89430406861111,True,0,False,moderate (12-48h),162
sample-org__data-widgets,harrisonricky,2024-07-03 09:42:43+00:00,2024-11-10 09:42:43+00:00,4,2,27.86277520611111,42.8784777025,True,1,True,moderate (12-48h),130
sample-org__data-widgets,harrisontanya,2024-09-07 11:41:46+00:00,2025-02-22 11:41:46+00:00,3,1,25.729180363425925,8.059529074444445,True,1,True,fast (<12h),168
sample-org__data-widgets,hbrown,2024-10-03 05:20:16+00:00,2024-10-03 05:20:16+00:00,1,0,,,False,0,False,,0
sample-org__data-widgets,hodgesjane,2025-11-24 18:15:49+00:00,2026-05-03 18:15:49+00:00,6,4,26.908114305944444,62.41964976444444,True,0,False,slow (>48h),160
sample-org__data-widgets,jasmine71,2024-10-01 16:29:11+00:00,2024-10-31 16:29:11+00:00,2,2,25.713139078055555,26.646569518333333,True,2,True,moderate (12-48h),30
sample-org__data-widgets,jcervantes,2024-06-16 09:47:53+00:00,2025-01-08 09:47:53+00:00,4,3,27.652726530416665,30.346443476388888,True,0,False,moderate (12-48h),206
sample-org__data-widgets,jdurham,2025-07-07 01:39:45+00:00,2025-07-07 01:39:45+00:00,1,0,56.60647626138889,56.60647626138889,False,0,False,slow (>48h),0
sample-org__data-widgets,jeffery39,2026-04-09 04:54:53+00:00,2026-10-27 04:54:53+00:00,5,5,24.55602469027778,21.5465253225,True,0,False,moderate (12-48h),201
sample-org__data-widgets,jennifercollins,2026-03-09 05:35:57+00:00,2026-03-09 05:35:57+00:00,1,0,,,False,0,False,,0
sample-org__data-widgets,jessica14,2025-02-26 07:51:58+00:00,2025-02-26 07:51:58+00:00,1,1,14.449798940555556,14.449798940555556,False,1,True,moderate (12-48h),0
sample-org__data-widgets,jpitts,2025-08-07 14:33:13+00:00,2026-01-22 14:33:13+00:00,5,4,22.27310242411111,47.49371117,True,0,False,moderate (12-48h),168
sample-org__data-widgets,jreed,2025-01-27 14:53:47+00:00,2025-01-27 14:53:47+00:00,1,1,19.500551676388888,19.500551676388888,False,0,False,moderate (12-48h),0
sample-org__data-widgets,jsmith,2024-09-27 01:35:27+00:00,2024-09-27 01:35:27+00:00,1,1,69.70214637305556,69.70214637305556,False,0,False,slow (>48h),0
sample-org__data-widgets,julie23,2025-12-08 08:25:04+00:00,2025-12-24 08:25:04+00:00,2,1,13.611187233055556,15.28140766138889,True,1,True,moderate (12-48h),16
sample-org__data-widgets,karenperez,2025-01-01 13:26:38+00:00,2025-01-01 13:26:38+00:00,1,1,15.138250970833333,15.138250970833333,False,1,True,moderate (12-48h),0
sample-org__data-widgets,keyemily,2024-09-04 14:41:28+00:00,2024-09-04 14:41:28+00:00,1,1,,,False,0,False,,0
sample-org__data-widgets,khill,2025-09-08 17:41:58+00:00,2025-09-08 17:41:58+00:00,1,1,,,False,1,True,,0
sample-org__data-widgets,kimberly39,2026-04-17 18:05:52+00:00,2026-04-17 18:05:52+00:00,1,1,8.868577762777779,8.868577762777779,False,0,False,fast (<12h),0
sample-org__data-widgets,kristinharris,2024-12-19 07:07:46+00:00,2025-06-03 07:07:46+00:00,3,3,23.964870573703706,24.38167651222222,True,3,True,moderate (12-48h),166
sample-org__data-widgets,kristinwalter,2024-01-23 20:58:55+00:00,2024-01-23 20:58:55+00:00,1,1,7.1489234975,7.1489234975,False,0,False,fast (<12h),0
sample-org__data-widgets,linda71,2024-11-19 19:28:20+00:00,2024-11-19 19:28:20+00:00,1,1,74.96430546472223,74.96430546472223,False,3,True,slow (>48h),0
sample-org__data-widgets,lmoon,2024-08-31 18:40:35+00:00,2024-08-31 18:40:35+00:00,1,1,91.5993655538889,91.5993655538889,False,2,True,slow (>48h),0
sample-org__data-widgets,lori44,2026-04-27 18:04:58+00:00,2026-04-27 18:04:58+00:00,1,1,35.0231739225,35.0231739225,False,0,False,moderate (12-48h),0
sample-org__data-widgets,lozanojulie,2026-03-29 06:22:39+00:00,2026-05-19 06:22:39+00:00,2,2,24.29779649888889,17.524672066111112,True,0,False,moderate (12-48h),51
sample-org__data-widgets,markhernandez,2025-10-05 04:32:08+00:00,2025-11-19 04:32:08+00:00,2,1,49.68894037013889,73.78557539222221,True,0,False,slow (>48h),45
sample-org__data-widgets,mbruce,2024-08-20 07:33:20+00:00,2024-11-06 07:33:20+00:00,2,2,23.453290724444443,26.552042446944444,True,3,True,moderate (12-48h),78
sample-org__data-widgets,melissa86,2026-02-22 11:53:09+00:00,2026-05-11 11:53:09+00:00,2,2,11.245873983333333,11.245873983333333,True,0,False,fast (<12h),78
sample-org__data-widgets,michael62,2025-09-12 11:58:02+00:00,2025-12-23 11:58:02+00:00,3,3,18.790925219722222,9.030958899444444,True,1,True,fast (<12h),102
sample-org__data-widgets,michellehill,2025-11-07 02:50:23+00:00,2026-08-03 02:50:23+00:00,6,5,28.487899319930555,44.54142869555555,True,1,True,moderate (12-48h),269
sample-org__data-widgets,mkim,2026-02-06 13:32:00+00:00,2026-06-22 13:32:00+00:00,4,3,26.51191975326389,36.432181119999996,True,0,False,moderate (12-48h),136
sample-org__data-widgets,molly71,2025-05-18 10:14:48+00:00,2025-05-18 10:14:48+00:00,1,1,82.37963379444444,82.37963379444444,False,0,False,slow (>48h),0
sample-org__data-widgets,mooreglenn,2024-02-09 13:02:28+00:00,2024-12-24 13:02:28+00:00,6,5,19.716649035166665,41.40816230611111,True,0,False,moderate (12-48h),319
sample-org__data-widgets,moorericky,2026-05-18 10:12:38+00:00,2026-06-08 10:12:38+00:00,2,2,31.06797445694444,40.28614176666667,True,3,True,moderate (12-48h),21
sample-org__data-widgets,murraydavid,2026-05-04 15:27:29+00:00,2026-05-04 15:27:29+00:00,1,1,70.9816093125,70.9816093125,False,0,False,slow (>48h),0
sample-org__data-widgets,nicolepena,2024-12-10 23:57:08+00:00,2024-12-10 23:57:08+00:00,1,1,,,False,0,False,,0
sample-org__data-widgets,ocarter,2025-08-15 21:39:35+00:00,2025-10-17 21:39:35+00:00,3,3,52.245231098888894,47.504752502222225,True,0,False,moderate (12-48h),63
sample-org__data-widgets,parkerscott,2025-08-28 09:56:11+00:00,2025-08-28 09:56:11+00:00,1,1,38.34971304166667,38.34971304166667,False,0,False,moderate (12-48h),0
sample-org__data-widgets,patrickhoward,2025-11-25 06:45:44+00:00,2026-03-21 06:45:44+00:00,3,3,15.755300156666666,8.551117985,True,2,True,fast (<12h),116
sample-org__data-widgets,pharvey,2024-12-23 04:25:00+00:00,2025-04-01 04:25:00+00:00,3,2,31.373760512037038,37.99181551527778,True,3,True,moderate (12-48h),99
sample-org__data-widgets,pollardmichael,2024-01-22 08:00:51+00:00,2024-01-22 08:00:51+00:00,1,1,5.027052944166666,5.027052944166666,False,3,True,fast (<12h),0
sample-org__data-widgets,prestonjessica,2024-05-27 13:47:58+00:00,2024-05-27 13:47:58+00:00,1,0,61.2251385075,61.2251385075,False,2,True,slow (>48h),0
sample-org__data-widgets,qchavez,2025-06-03 10:56:58+00:00,2025-06-03 10:56:58+00:00,1,1,62.912835745,62.912835745,False,0,False,slow (>48h),0
sample-org__data-widgets,qhughes,2026-03-09 16:24:17+00:00,2026-07-30 16:24:17+00:00,3,3,29.174515059166666,39.358743385833336,True,0,False,moderate (12-48h),143
sample-org__data-widgets,rebekahserrano,2024-01-31 16:01:35+00:00,2024-03-07 16:01:35+00:00,2,2,32.02917266097222,41.83739243805556,True,0,False,moderate (12-48h),36
sample-org__data-widgets,rgilbert,2025-02-11 20:52:15+00:00,2025-02-11 20:52:15+00:00,1,1,48.21747007416666,48.21747007416666,False,0,False,slow (>48h),0
sample-org__data-widgets,robert77,2025-05-30 13:30:51+00:00,2025-05-30 13:30:51+00:00,1,1,42.31775172361111,42.31775172361111,False,0,False,moderate (12-48h),0
sample-org__data-widgets,robin74,2025-01-21 17:59:22+00:00,2025-01-21 17:59:22+00:00,1,1,,,False,0,False,,0
sample-org__data-widgets,ronaldstephens,2026-03-19 05:45:28+00:00,2026-12-06 05:45:28+00:00,6,6,17.80942336311111,11.335592298888887,True,0,False,fast (<12h),262
sample-org__data-widgets,rose31,2025-12-28 02:30:34+00:00,2026-03-01 02:30:34+00:00,2,1,34.38853006027777,37.113528723888884,True,1,True,moderate (12-48h),63
sample-org__data-widgets,rushmadison,2024-01-13 22:43:14+00:00,2024-01-13 22:43:14+00:00,1,1,63.57081900805556,63.57081900805556,False,3,True,slow (>48h),0
sample-org__data-widgets,samuel71,2025-08-25 01:05:04+00:00,2025-08-25 01:05:04+00:00,1,1,49.22001818166667,49.22001818166667,False,3,True,slow (>48h),0
sample-org__data-widgets,sandovalamy,2024-11-08 01:41:16+00:00,2024-11-08 01:41:16+00:00,1,1,67.05278786222222,67.05278786222222,False,0,False,slow (>48h),0
sample-org__data-widgets,sandrafrench,2024-11-05 18:42:07+00:00,2025-01-26 18:42:07+00:00,4,4,22.127648220462962,22.580172928055557,True,0,False,moderate (12-48h),82
sample-org__data-widgets,sandraromero,2025-01-13 18:32:07+00:00,2025-06-15 18:32:07+00:00,4,4,29.684937683981484,5.905474255277778,True,3,True,fast (<12h),153
sample-org__data-widgets,scott74,2026-02-12 05:03:26+00:00,2026-02-12 05:03:26+00:00,1,1,35.29210643583333,35.29210643583333,False,1,True,moderate (12-48h),0
sample-org__data-widgets,ssteele,2026-02-03 22:49:41+00:00,2026-04-04 22:49:41+00:00,2,2,46.815876151388885,55.22857821777777,True,0,False,slow (>48h),60
sample-org__data-widgets,stephenthomas,2026-05-22 00:04:25+00:00,2026-05-22 00:04:25+00:00,1,1,61.464415530000004,61.464415530000004,False,0,False,slow (>48h),0
sample-org__data-widgets,stevenking,2026-02-04 07:52:38+00:00,2026-04-18 07:52:38+00:00,2,2,3.2782209905555555,3.2782209905555555,True,0,False,fast (<12h),73
sample-org__data-widgets,tblankenship,2024-05-01 01:38:28+00:00,2025-02-26 01:38:28+00:00,6,5,18.153768582666665,10.469357265833333,True,0,False,fast (<12h),301
sample-org__data-widgets,thomasharvey,2024-06-02 09:48:02+00:00,2024-06-02 09:48:02+00:00,1,1,65.10781672027778,65.10781672027778,False,2,True,slow (>48h),0
sample-org__data-widgets,tinaallen,2025-05-25 01:37:44+00:00,2025-07-20 01:37:44+00:00,2,2,35.519077029722226,37.60986748027778,True,0,False,moderate (12-48h),56
sample-org__data-widgets,torrestravis,2024-01-26 07:47:57+00:00,2024-01-26 07:47:57+00:00,1,1,,,False,3,True,,0
sample-org__data-widgets,tranchristopher,2024-07-21 01:13:54+00:00,2024-07-21 01:13:54+00:00,1,1,55.67345471861111,55.67345471861111,False,2,True,slow (>48h),0
sample-org__data-widgets,tylerjohnson,2025-07-15 04:25:37+00:00,2025-07-15 04:25:37+00:00,1,1,49.46122095277778,49.46122095277778,False,0,False,slow (>48h),0
sample-org__data-widgets,tyronemoran,2026-03-19 17:36:33+00:00,2026-03-19 17:36:33+00:00,1,1,56.97451312972222,56.97451312972222,False,0,False,slow (>48h),0
sample-org__data-widgets,ugibson,2026-05-02 14:39:09+00:00,2026-05-02 14:39:09+00:00,1,0,,,False,3,True,,0
sample-org__data-widgets,umatthews,2024-12-18 04:38:50+00:00,2025-07-22 04:38:50+00:00,4,3,17.248899193240742,29.290408719444446,True,0,False,moderate (12-48h),216
sample-org__data-widgets,vaughnjeff,2026-01-17 02:05:25+00:00,2026-02-27 02:05:25+00:00,2,2,8.373055710000001,3.0627130108333334,True,3,True,fast (<12h),41
sample-org__data-widgets,victoria40,2025-07-18 03:45:59+00:00,2025-08-27 03:45:59+00:00,2,2,15.701317145138889,29.598960735833334,True,2,True,moderate (12-48h),40
sample-org__data-widgets,vwilliams,2025-12-20 00:14:17+00:00,2026-02-03 00:14:17+00:00,2,2,28.718276936944445,28.718276936944445,True,3,True,moderate (12-48h),45
sample-org__data-widgets,wallaceheather,2026-03-20 08:29:40+00:00,2026-03-20 08:29:40+00:00,1,1,54.852693914999996,54.852693914999996,False,0,False,slow (>48h),0
sample-org__data-widgets,wendy16,2025-10-19 23:31:08+00:00,2026-05-07 23:31:08+00:00,4,4,25.647265798518518,36.43238231583334,True,0,False,moderate (12-48h),200
sample-org__data-widgets,williamslaura,2025-11-12 22:03:51+00:00,2026-02-26 22:03:51+00:00,3,3,38.03134860851852,78.63532393861111,True,0,False,slow (>48h),106
sample-org__data-widgets,williamsmatthew,2026-05-12 01:38:18+00:00,2026-05-12 01:38:18+00:00,1,1,46.970266397500005,46.970266397500005,False,0,False,moderate (12-48h),0
sample-org__data-widgets,williamsonjimmy,2025-02-04 11:39:58+00:00,2025-04-05 11:39:58+00:00,3,2,33.522489118796294,44.687928900833334,True,0,False,moderate (12-48h),60
sample-org__data-widgets,xhall,2025-11-08 11:53:01+00:00,2025-11-08 11:53:01+00:00,1,1,,,False,0,False,,0
sample-org__data-widgets,xsampson,2025-06-27 06:22:20+00:00,2025-08-05 06:22:20+00:00,2,1,,,True,1,True,,39
sample-org__data-widgets,ymorgan,2025-04-13 03:10:07+00:00,2025-04-26 03:10:07+00:00,2,1,11.974893486805556,22.225701506944443,True,0,False,moderate (12-48h),13
sample-org__data-widgets,youngamanda,2025-07-24 05:50:31+00:00,2025-10-15 05:50:31+00:00,2,2,21.25112454611111,21.25112454611111,True,3,True,moderate (12-48h),83
sample-org__data-widgets,zcoffey,2024-08-28 18:31:06+00:00,2024-11-25 18:31:06+00:00,2,2,13.5825998825,13.5825998825,True,0,False,moderate (12-48h),89
sample-org__data-widgets,zthornton,2026-05-06 20:54:53+00:00,2026-10-16 20:54:53+00:00,4,2,35.788955882222226,26.46966428611111,True,0,False,moderate (12-48h),163
sample-org__open-tracker,abrown,2024-01-20 04:05:29+00:00,2024-01-20 04:05:29+00:00,1,1,29.088393078333333,29.088393078333333,False,0,False,moderate (12-48h),0
sample-org__open-tracker,angela36,2026-01-03 20:29:39+00:00,2026-01-03 20:29:39+00:00,1,1,56.257981398055556,56.257981398055556,False,0,False,slow (>48h),0
sample-org__open-tracker,beverlyterrell,2025-07-22 05:10:43+00:00,2025-10-29 05:10:43+00:00,3,3,16.479775875277777,32.07512052055555,True,2,True,moderate (12-48h),99
sample-org__open-tracker,blackjames,2025-07-06 15:03:04+00:00,2025-08-07 15:03:04+00:00,2,2,34.97988367833333,34.97988367833333,True,1,True,moderate (12-48h),32
sample-org__open-tracker,bradley60,2025-10-12 13:15:40+00:00,2025-10-12 13:15:40+00:00,1,1,60.249292841666666,60.249292841666666,False,0,False,slow (>48h),0
sample-org__open-tracker,bryantlaurie,2024-01-26 04:43:18+00:00,2024-06-12 04:43:18+00:00,3,3,29.38569560574074,26.04871412111111,True,0,False,moderate (12-48h),138
sample-org__open-tracker,bwest,2025-08-17 13:11:15+00:00,2025-08-17 13:11:15+00:00,1,1,23.725786919444445,23.725786919444445,False,3,True,moderate (12-48h),0
sample-org__open-tracker,bzimmerman,2025-10-13 11:13:15+00:00,2025-10-13 11:13:15+00:00,1,1,59.53694628027778,59.53694628027778,False,1,True,slow (>48h),0
sample-org__open-tracker,casey50,2025-12-05 06:55:38+00:00,2025-12-05 06:55:38+00:00,1,0,56.82740221388889,56.82740221388889,False,3,True,slow (>48h),0
sample-org__open-tracker,charlesvaughn,2024-11-26 23:16:58+00:00,2025-02-08 23:16:58+00:00,4,3,13.377001635138889,20.069442775833334,True,0,False,moderate (12-48h),74
sample-org__open-tracker,christina87,2025-04-27 15:39:09+00:00,2025-04-27 15:39:09+00:00,1,1,59.68189247888889,59.68189247888889,False,2,True,slow (>48h),0
sample-org__open-tracker,christopher31,2026-03-13 08:34:06+00:00,2026-09-08 08:34:06+00:00,5,3,17.667330227944444,26.907795799166667,True,2,True,moderate (12-48h),179
sample-org__open-tracker,cindy14,2024-08-15 13:01:32+00:00,2024-10-25 13:01:32+00:00,2,2,28.389932128055555,24.822777061388887,True,0,False,moderate (12-48h),71
sample-org__open-tracker,clarence34,2024-05-07 04:20:46+00:00,2025-01-31 04:20:46+00:00,5,3,22.743450679027777,17.066133640555556,True,0,False,moderate (12-48h),269
sample-org__open-tracker,colleenbaker,2025-03-15 02:57:28+00:00,2025-03-15 02:57:28+00:00,1,1,26.41367070277778,26.41367070277778,False,3,True,moderate (12-48h),0
sample-org__open-tracker,cookemichael,2025-11-13 01:42:44+00:00,2026-02-06 01:42:44+00:00,2,2,5.976816489027778,3.0750058024999998,True,1,True,fast (<12h),85
sample-org__open-tracker,curtisbarton,2025-03-18 14:37:03+00:00,2025-07-27 14:37:03+00:00,4,4,31.27456003,36.930658261944444,True,0,False,moderate (12-48h),131
sample-org__open-tracker,david82,2024-12-12 18:53:11+00:00,2025-04-11 18:53:11+00:00,4,4,21.00370771458333,6.7739626516666664,True,0,False,fast (<12h),120
sample-org__open-tracker,dmurphy,2024-08-02 04:03:55+00:00,2024-10-23 04:03:55+00:00,3,2,21.58848108648148,47.02245075111111,True,0,False,moderate (12-48h),82
sample-org__open-tracker,donnacampbell,2024-09-05 02:40:29+00:00,2025-02-06 02:40:29+00:00,4,4,15.33366354923611,5.522704025833334,True,0,False,fast (<12h),154
sample-org__open-tracker,dramsey,2024-12-09 08:39:37+00:00,2025-01-11 08:39:37+00:00,3,2,26.034968246203704,6.527556301111111,True,1,True,fast (<12h),33
sample-org__open-tracker,drivera,2026-05-11 18:12:22+00:00,2026-05-11 18:12:22+00:00,1,1,18.361636075,18.361636075,False,0,False,moderate (12-48h),0
sample-org__open-tracker,elizabeth56,2025-02-25 22:46:56+00:00,2025-02-25 22:46:56+00:00,1,1,52.49129703888889,52.49129703888889,False,1,True,slow (>48h),0
sample-org__open-tracker,emurphy,2026-05-25 13:12:12+00:00,2026-05-25 13:12:12+00:00,1,1,12.024578799444443,12.024578799444443,False,1,True,moderate (12-48h),0
sample-org__open-tracker,ewilson,2025-06-18 04:22:19+00:00,2025-08-27 04:22:19+00:00,2,1,23.548887252500002,15.389505237222222,True,0,False,moderate (12-48h),70
sample-org__open-tracker,fking,2024-06-26 09:55:57+00:00,2024-06-26 09:55:57+00:00,1,1,33.107242747499996,33.107242747499996,False,0,False,moderate (12-48h),0
sample-org__open-tracker,frogers,2025-05-21 19:32:24+00:00,2025-05-21 19:32:24+00:00,1,1,21.739734341666665,21.739734341666665,False,1,True,moderate (12-48h),0
sample-org__open-tracker,gary91,2024-05-24 23:58:00+00:00,2025-02-17 23:58:00+00:00,5,2,12.156318023833332,19.290886999444442,True,0,False,moderate (12-48h),269
sample-org__open-tracker,gateskathy,2024-04-29 11:50:10+00:00,2024-07-17 11:50:10+00:00,3,3,37.794328328888895,47.606125161111116,True,0,False,moderate (12-48h),79
sample-org__open-tracker,gibsonolivia,2025-10-13 06:25:20+00:00,2026-06-27 06:25:20+00:00,6,6,24.60722217865741,39.17760045694445,True,0,False,moderate (12-48h),257
sample-org__open-tracker,gshort,2024-07-02 09:28:24+00:00,2024-09-23 09:28:24+00:00,2,1,23.595353992777778,30.8192700725,True,2,True,moderate (12-48h),83
sample-org__open-tracker,hannahbrewer,2024-05-10 13:13:00+00:00,2024-07-15 13:13:00+00:00,2,1,13.720612282222223,13.1820884475,True,2,True,moderate (12-48h),66
sample-org__open-tracker,harringtondenise,2025-03-12 15:36:32+00:00,2025-06-03 15:36:32+00:00,2,2,16.77672551722222,16.77672551722222,True,2,True,moderate (12-48h),83
sample-org__open-tracker,heidi27,2024-05-21 13:49:44+00:00,2024-08-06 13:49:44+00:00,3,3,16.43304226986111,8.947733398055556,True,2,True,fast (<12h),77
sample-org__open-tracker,hernandezlisa,2024-06-01 13:48:34+00:00,2024-06-01 13:48:34+00:00,1,1,47.7153247675,47.7153247675,False,2,True,moderate (12-48h),0
sample-org__open-tracker,herringjames,2025-09-02 00:56:42+00:00,2025-09-02 00:56:42+00:00,1,1,79.10395962388888,79.10395962388888,False,1,True,slow (>48h),0
sample-org__open-tracker,hickmanbarbara,2024-06-08 02:45:42+00:00,2024-06-08 02:45:42+00:00,1,1,49.07411552944445,49.07411552944445,False,0,False,slow (>48h),0
sample-org__open-tracker,hoganashlee,2024-01-19 17:53:26+00:00,2024-01-19 17:53:26+00:00,1,1,88.07905514027777,88.07905514027777,False,0,False,slow (>48h),0
sample-org__open-tracker,howelljohn,2026-03-11 23:27:48+00:00,2026-05-26 23:27:48+00:00,3,3,32.83978919152778,29.952182360833334,True,0,False,moderate (12-48h),76
sample-org__open-tracker,hunter35,2026-04-12 12:42:55+00:00,2026-04-12 12:42:55+00:00,1,1,48.12484572388889,48.12484572388889,False,1,True,slow (>48h),0
sample-org__open-tracker,ismith,2024-03-05 15:21:09+00:00,2024-03-05 15:21:09+00:00,1,1,31.694678660555553,31.694678660555553,False,1,True,moderate (12-48h),0
sample-org__open-tracker,jasminebrown,2025-02-23 01:37:19+00:00,2025-02-23 01:37:19+00:00,1,0,62.501534675833334,62.501534675833334,False,0,False,slow (>48h),0
sample-org__open-tracker,jason99,2025-12-28 01:04:44+00:00,2025-12-28 01:04:44+00:00,1,1,23.496927892777776,23.496927892777776,False,2,True,moderate (12-48h),0
sample-org__open-tracker,javierwashington,2024-06-10 17:30:38+00:00,2024-07-01 17:30:38+00:00,2,2,29.74519742361111,42.689781365555554,True,0,False,moderate (12-48h),21
sample-org__open-tracker,jbarajas,2025-08-26 09:26:28+00:00,2025-10-20 09:26:28+00:00,2,2,21.716442311944444,0.7505451605555555,True,0,False,fast (<12h),55
sample-org__open-tracker,jennifercruz,2026-03-20 17:38:52+00:00,2026-03-20 17:38:52+00:00,1,1,60.633624527777776,60.633624527777776,False,0,False,slow (>48h),0
sample-org__open-tracker,jenniferfreeman,2024-12-11 07:30:08+00:00,2024-12-11 07:30:08+00:00,1,1,34.93876445527778,34.93876445527778,False,0,False,moderate (12-48h),0
sample-org__open-tracker,jessicasheppard,2024-10-05 14:26:31+00:00,2024-10-05 14:26:31+00:00,1,1,35.04876421527778,35.04876421527778,False,0,False,moderate (12-48h),0
sample-org__open-tracker,john13,2024-08-08 01:11:38+00:00,2025-02-12 01:11:38+00:00,5,4,10.616900809166667,6.4494357352777785,True,0,False,fast (<12h),188
sample-org__open-tracker,josephflores,2025-09-08 06:09:41+00:00,2025-11-14 06:09:41+00:00,2,2,13.422549874166666,20.888052966944443,True,0,False,moderate (12-48h),67
sample-org__open-tracker,joshuamccann,2026-05-10 18:48:31+00:00,2026-08-21 18:48:31+00:00,4,4,41.02269952395833,73.84123811027777,True,2,True,slow (>48h),103
sample-org__open-tracker,jrivas,2024-04-01 05:41:22+00:00,2024-04-01 05:41:22+00:00,1,1,,,False,0,False,,0
sample-org__open-tracker,karen68,2025-09-02 09:41:00+00:00,2025-09-02 09:41:00+00:00,1,1,,,False,3,True,,0
sample-org__open-tracker,kcaldwell,2025-05-16 13:17:06+00:00,2025-07-27 13:17:06+00:00,2,2,27.577203399444443,27.577203399444443,True,0,False,moderate (12-48h),72
sample-org__open-tracker,kevinperkins,2025-07-11 20:40:11+00:00,2025-07-11 20:40:11+00:00,1,1,,,False,2,True,,0
sample-org__open-tracker,kimberlyjames,2024-05-20 10:03:18+00:00,2024-05-20 10:03:18+00:00,1,1,23.03630251138889,23.03630251138889,False,0,False,moderate (12-48h),0
sample-org__open-tracker,kvasquez,2025-09-16 01:12:12+00:00,2025-09-16 01:12:12+00:00,1,1,34.68039312611111,34.68039312611111,False,2,True,moderate (12-48h),0
sample-org__open-tracker,lbyrd,2024-09-02 08:28:12+00:00,2024-11-13 08:28:12+00:00,3,3,26.542141402638887,39.36584790444444,True,0,False,moderate (12-48h),72
sample-org__open-tracker,levans,2024-11-28 22:22:33+00:00,2024-11-28 22:22:33+00:00,1,1,52.500163353055555,52.500163353055555,False,0,False,slow (>48h),0
sample-org__open-tracker,lindsayhernandez,2024-03-30 16:34:59+00:00,2024-07-21 16:34:59+00:00,4,4,29.36966958425926,32.84122394222222,True,1,True,moderate (12-48h),113
sample-org__open-tracker,lstein,2025-01-12 02:05:49+00:00,2025-01-30 02:05:49+00:00,2,2,16.147730087916667,16.290628990277778,True,0,False,moderate (12-48h),18
sample-org__open-tracker,lynchjody,2025-08-07 20:01:19+00:00,2026-01-05 20:01:19+00:00,3,2,36.17418863268519,75.2054446475,True,0,False,slow (>48h),151
sample-org__open-tracker,marcus31,2024-01-03 06:30:31+00:00,2024-03-07 06:30:31+00:00,3,3,34.712815578055555,77.06944265833333,True,0,False,slow (>48h),64
sample-org__open-tracker,maryramirez,2025-12-14 00:40:34+00:00,2025-12-14 00:40:34+00:00,1,1,,,False,2,True,,0
sample-org__open-tracker,matthew64,2026-01-22 19:31:48+00:00,2026-04-26 19:31:48+00:00,3,3,41.386992113240744,60.04857065833333,True,2,True,slow (>48h),94
sample-org__open-tracker,matthew94,2025-04-17 13:57:23+00:00,2025-04-17 13:57:23+00:00,1,1,47.835368503055555,47.835368503055555,False,0,False,moderate (12-48h),0
sample-org__open-tracker,michael74,2026-05-25 12:46:22+00:00,2026-12-02 12:46:22+00:00,5,5,39.529906752555554,68.17387704472222,True,0,False,slow (>48h),191
sample-org__open-tracker,michael86,2026-04-27 12:36:10+00:00,2026-11-06 12:36:10+00:00,5,5,26.342856419833332,14.548653746111112,True,2,True,moderate (12-48h),193
sample-org__open-tracker,michaeljones,2024-04-06 18:00:52+00:00,2024-12-03 18:00:52+00:00,6,6,19.85482799861111,21.70676445333333,True,2,True,moderate (12-48h),241
sample-org__open-tracker,michaelturner,2024-04-25 06:23:29+00:00,2024-04-25 06:23:29+00:00,1,0,1.4737053813888887,1.4737053813888887,False,3,True,fast (<12h),0
sample-org__open-tracker,millerroy,2026-04-14 00:40:23+00:00,2026-06-03 00:40:23+00:00,2,2,35.429970144583336,38.56763991166667,True,2,True,moderate (12-48h),50
sample-org__open-tracker,mlam,2025-08-13 14:31:23+00:00,2025-08-13 14:31:23+00:00,1,1,52.629975700555555,52.629975700555555,False,0,False,slow (>48h),0
sample-org__open-tracker,nicole37,2026-03-18 10:01:41+00:00,2026-09-23 10:01:41+00:00,4,2,35.144180714629634,36.564964626944445,True,0,False,moderate (12-48h),189
sample-org__open-tracker,ntorres,2024-01-14 19:44:27+00:00,2024-02-21 19:44:27+00:00,2,2,10.683378255,1.7741673852777777,True,0,False,fast (<12h),38
sample-org__open-tracker,osbornejeffery,2024-11-13 16:48:09+00:00,2024-11-13 16:48:09+00:00,1,1,15.273170684722222,15.273170684722222,False,2,True,moderate (12-48h),0
sample-org__open-tracker,oyu,2024-06-28 03:56:54+00:00,2024-06-28 03:56:54+00:00,1,1,34.032618325,34.032618325,False,1,True,moderate (12-48h),0
sample-org__open-tracker,phillipsrichard,2026-03-27 19:46:08+00:00,2026-03-27 19:46:08+00:00,1,1,15.936532530833334,15.936532530833334,False,0,False,moderate (12-48h),0
sample-org__open-tracker,psanchez,2024-09-29 01:26:18+00:00,2025-05-27 01:26:18+00:00,6,6,18.845909063564815,11.455026233888889,True,0,False,fast (<12h),240
sample-org__open-tracker,pwilliams,2025-07-29 20:52:52+00:00,2025-07-29 20:52:52+00:00,1,0,41.183319858888886,41.183319858888886,False,0,False,moderate (12-48h),0
sample-org__open-tracker,qvargas,2026-05-19 16:40:54+00:00,2026-11-20 16:40:54+00:00,4,3,18.430330801458332,5.087656762777778,True,0,False,fast (<12h),185
sample-org__open-tracker,qwhite,2024-07-27 01:56:05+00:00,2024-07-27 01:56:05+00:00,1,1,22.86298804361111,22.86298804361111,False,0,False,moderate (12-48h),0
sample-org__open-tracker,reedross,2024-09-25 09:20:38+00:00,2025-07-01 09:20:38+00:00,6,6,25.378561211064817,25.2022861575,True,3,True,moderate (12-48h),279
sample-org__open-tracker,richard04,2024-09-28 22:53:16+00:00,2025-06-23 22:53:16+00:00,5,5,16.01994910361111,15.143699708055555,True,0,False,moderate (12-48h),268
sample-org__open-tracker,rodriguezryan,2024-03-01 10:49:04+00:00,2024-03-01 10:49:04+00:00,1,1,103.8444816036111,103.8444816036111,False,3,True,slow (>48h),0
sample-org__open-tracker,rsims,2025-05-29 14:39:49+00:00,2025-12-25 14:39:49+00:00,5,4,17.04390524027778,29.47008777916667,True,0,False,moderate (12-48h),210
sample-org__open-tracker,salasaudrey,2025-10-12 07:44:05+00:00,2026-02-23 07:44:05+00:00,3,3,28.67082786027778,67.22262750222222,True,2,True,slow (>48h),134
sample-org__open-tracker,samuel81,2026-05-24 11:20:15+00:00,2026-12-09 11:20:15+00:00,4,3,30.440425027708336,15.848423853333333,True,0,False,moderate (12-48h),199
sample-org__open-tracker,sanchezthomas,2025-08-09 10:05:02+00:00,2025-12-27 10:05:02+00:00,4,4,44.28284756046296,26.22226099027778,True,2,True,moderate (12-48h),140
sample-org__open-tracker,sheila14,2025-01-20 16:11:12+00:00,2025-07-14 16:11:12+00:00,5,5,29.43790154076389,47.61400371111111,True,1,True,moderate (12-48h),175
sample-org__open-tracker,sjones,2025-09-10 17:33:06+00:00,2025-09-10 17:33:06+00:00,1,1,49.01382389416667,49.01382389416667,False,3,True,slow (>48h),0
sample-org__open-tracker,staffordmichelle,2025-11-29 17:16:05+00:00,2026-02-24 17:16:05+00:00,2,1,25.44841070333333,36.311536575,True,3,True,moderate (12-48h),87
sample-org__open-tracker,stephanie79,2025-07-01 02:04:45+00:00,2025-07-01 02:04:45+00:00,1,1,,,False,0,False,,0
sample-org__open-tracker,steven73,2025-10-26 09:55:58+00:00,2025-10-26 09:55:58+00:00,1,0,75.0093866388889,75.0093866388889,False,1,True,slow (>48h),0
sample-org__open-tracker,stevenscott,2025-12-14 22:27:00+00:00,2025-12-14 22:27:00+00:00,1,1,,,False,2,True,,0
sample-org__open-tracker,tamirodriguez,2025-10-18 01:00:16+00:00,2025-10-18 01:00:16+00:00,1,1,67.31741179833334,67.31741179833334,False,0,False,slow (>48h),0
sample-org__open-tracker,tammyking,2024-01-20 04:57:20+00:00,2024-05-06 04:57:20+00:00,3,2,37.56771836513889,37.94979019638889,True,0,False,moderate (12-48h),107
sample-org__open-tracker,taylorjesse,2024-05-13 02:54:29+00:00,2024-06-26 02:54:29+00:00,2,2,32.38812904486111,31.3834397125,True,1,True,moderate (12-48h),44
sample-org__open-tracker,tina34,2025-02-15 23:50:11+00:00,2025-09-02 23:50:11+00:00,4,4,26.991945492777777,39.630928517499996,True,1,True,moderate (12-48h),199
sample-org__open-tracker,tinaferguson,2025-12-03 20:27:14+00:00,2025-12-03 20:27:14+00:00,1,1,69.59481716138889,69.59481716138889,False,2,True,slow (>48h),0
sample-org__open-tracker,tracynelson,2025-01-10 23:12:11+00:00,2025-01-10 23:12:11+00:00,1,1,73.48681738166667,73.48681738166667,False,3,True,slow (>48h),0
sample-org__open-tracker,tsanders,2024-08-09 21:56:54+00:00,2024-08-09 21:56:54+00:00,1,1,44.45316096722222,44.45316096722222,False,0,False,moderate (12-48h),0
sample-org__open-tracker,ugraham,2025-01-15 18:59:32+00:00,2025-01-15 18:59:32+00:00,1,1,63.942687908055554,63.942687908055554,False,0,False,slow (>48h),0
sample-org__open-tracker,vjohnson,2025-01-20 14:43:16+00:00,2025-03-22 14:43:16+00:00,2,2,12.706252903472222,17.158466484722222,True,1,True,moderate (12-48h),61
sample-org__open-tracker,vmendoza,2024-05-01 17:47:24+00:00,2024-09-23 17:47:24+00:00,3,3,29.419267176666665,16.952746694722222,True,0,False,moderate (12-48h),145
sample-org__open-tracker,vmerritt,2024-12-25 12:27:44+00:00,2024-12-25 12:27:44+00:00,1,1,22.837869242777778,22.837869242777778,False,3,True,moderate (12-48h),0
sample-org__open-tracker,wcole,2025-03-02 19:04:37+00:00,2025-06-19 19:04:37+00:00,4,3,13.628102518402777,9.96606066861111,True,0,False,fast (<12h),109
sample-org__open-tracker,wtran,2026-04-02 10:39:59+00:00,2026-05-30 10:39:59+00:00,3,3,19.727134844351852,35.55010888722222,True,0,False,moderate (12-48h),58
sample-org__open-tracker,wwoods,2024-07-30 11:05:17+00:00,2024-07-30 11:05:17+00:00,1,1,9.498276638888887,9.498276638888887,False,2,True,fast (<12h),0
sample-org__open-tracker,yleon,2025-08-18 20:41:23+00:00,2025-10-13 20:41:23+00:00,2,2,39.40558779319444,33.802359170277775,True,0,False,moderate (12-48h),56
sample-org__open-tracker,yobrien,2024-10-02 20:47:59+00:00,2024-10-02 20:47:59+00:00,1,1,57.49470918861111,57.49470918861111,False,0,False,slow (>48h),0
sample-org__ui-kit,acostaregina,2024-03-16 23:49:30+00:00,2024-03-16 23:49:30+00:00,1,0,32.247862866944445,32.247862866944445,False,1,True,moderate (12-48h),0
sample-org__ui-kit,alfred40,2025-12-02 16:31:31+00:00,2025-12-02 16:31:31+00:00,1,1,54.83277294888889,54.83277294888889,False,2,True,slow (>48h),0
sample-org__ui-kit,alvarezkimberly,2024-09-05 09:29:30+00:00,2024-12-12 09:29:30+00:00,3,3,31.380452830555555,22.121631765555556,True,1,True,moderate (12-48h),98
sample-org__ui-kit,amberlindsey,2026-01-31 02:23:42+00:00,2026-07-03 02:23:42+00:00,5,5,7.682213943055555,6.710331691666667,True,0,False,fast (<12h),153
sample-org__ui-kit,angelawillis,2025-12-28 10:35:28+00:00,2025-12-28 10:35:28+00:00,1,1,56.8039878775,56.8039878775,False,0,False,slow (>48h),0
sample-org__ui-kit,anthony44,2025-07-05 22:48:49+00:00,2025-07-05 22:48:49+00:00,1,1,18.805041516388886,18.805041516388886,False,0,False,moderate (12-48h),0
sample-org__ui-kit,ashaw,2024-07-08 22:48:38+00:00,2024-08-17 22:48:38+00:00,2,1,29.667407740555557,29.667407740555557,True,0,False,moderate (12-48h),40
sample-org__ui-kit,barbara96,2025-09-16 11:58:02+00:00,2025-09-16 11:58:02+00:00,1,1,19.205148021944446,19.205148021944446,False,1,True,moderate (12-48h),0
sample-org__ui-kit,bboone,2024-10-02 14:40:10+00:00,2025-04-18 14:40:10+00:00,4,3,29.831319379166665,29.416395331111108,True,1,True,moderate (12-48h),198
sample-org__ui-kit,bellangela,2025-08-11 14:49:35+00:00,2025-08-11 14:49:35+00:00,1,1,13.182557295555556,13.182557295555556,False,0,False,moderate (12-48h),0
sample-org__ui-kit,benjaminzimmerman,2025-10-05 10:15:49+00:00,2025-10-05 10:15:49+00:00,1,1,10.529982303333332,10.529982303333332,False,3,True,fast (<12h),0
sample-org__ui-kit,bromero,2025-04-29 16:27:38+00:00,2025-04-29 16:27:38+00:00,1,1,11.523907325833333,11.523907325833333,False,1,True,fast (<12h),0
sample-org__ui-kit,burchgeorge,2025-03-16 18:16:43+00:00,2025-08-12 18:16:43+00:00,5,4,18.597097765694443,1.8568885588888888,True,3,True,fast (<12h),149
sample-org__ui-kit,cameronhill,2025-01-30 05:22:21+00:00,2025-03-23 05:22:21+00:00,2,1,21.450259519444444,35.3581577925,True,0,False,moderate (12-48h),52
sample-org__ui-kit,carlamoore,2024-12-30 11:20:43+00:00,2025-04-22 11:20:43+00:00,3,3,29.436632252037032,35.397674009166664,True,2,True,moderate (12-48h),113
sample-org__ui-kit,charles06,2024-04-07 20:32:07+00:00,2024-09-12 20:32:07+00:00,4,4,18.280882916944446,12.74225944277778,True,1,True,moderate (12-48h),158
sample-org__ui-kit,chase19,2025-06-18 03:32:45+00:00,2025-06-18 03:32:45+00:00,1,1,40.578384747777775,40.578384747777775,False,1,True,moderate (12-48h),0
sample-org__ui-kit,chrisrichard,2025-12-24 22:33:11+00:00,2026-03-13 22:33:11+00:00,2,1,41.02516631666667,40.95424268611111,True,0,False,moderate (12-48h),79
sample-org__ui-kit,cjones,2026-04-07 18:17:29+00:00,2026-06-24 18:17:29+00:00,3,2,43.41746917925926,49.665523871666664,True,2,True,slow (>48h),78
sample-org__ui-kit,colelisa,2025-03-26 05:32:25+00:00,2025-11-14 05:32:25+00:00,4,4,40.9932179199074,85.04187721833333,True,1,True,slow (>48h),233
sample-org__ui-kit,collinsnicholas,2026-04-14 09:31:37+00:00,2026-04-14 09:31:37+00:00,1,1,,,False,0,False,,0
sample-org__ui-kit,craigjoseph,2025-02-27 10:54:50+00:00,2025-02-27 10:54:50+00:00,1,1,19.971202417222223,19.971202417222223,False,0,False,moderate (12-48h),0
sample-org__ui-kit,ctucker,2024-10-29 19:21:22+00:00,2025-01-24 19:21:22+00:00,4,3,25.36694642666667,46.965699317777776,True,3,True,moderate (12-48h),87
sample-org__ui-kit,dale83,2025-06-15 14:10:18+00:00,2025-09-06 14:10:18+00:00,2,2,34.52503521208334,45.217941313611114,True,0,False,moderate (12-48h),83
sample-org__ui-kit,davisalyssa,2025-04-30 10:50:02+00:00,2026-01-26 10:50:02+00:00,5,5,11.182494164236111,2.9889813849999998,True,0,False,fast (<12h),271
sample-org__ui-kit,deckerchristopher,2025-06-10 05:06:04+00:00,2025-06-26 05:06:04+00:00,2,1,19.088337916527777,14.252829520277778,True,0,False,moderate (12-48h),16
sample-org__ui-kit,dianewalker,2024-09-30 16:14:34+00:00,2024-09-30 16:14:34+00:00,1,1,19.46618603527778,19.46618603527778,False,0,False,moderate (12-48h),0
sample-org__ui-kit,dmorgan,2025-12-14 14:29:44+00:00,2025-12-14 14:29:44+00:00,1,1,,,False,0,False,,0
sample-org__ui-kit,elizabeth65,2024-12-13 15:39:43+00:00,2024-12-13 15:39:43+00:00,1,1,62.91630412777778,62.91630412777778,False,0,False,slow (>48h),0
sample-org__ui-kit,erica37,2024-05-22 20:26:11+00:00,2024-07-25 20:26:11+00:00,2,2,12.037970192916667,23.3805939275,True,0,False,moderate (12-48h),64
sample-org__ui-kit,erika97,2025-01-01 19:33:29+00:00,2025-02-19 19:33:29+00:00,2,2,11.289020233194446,21.309058114166668,True,2,True,moderate (12-48h),49
sample-org__ui-kit,farmeraudrey,2024-01-01 06:52:21+00:00,2024-08-23 06:52:21+00:00,4,4,25.429901351597223,61.806951401666666,True,0,False,slow (>48h),235
sample-org__ui-kit,fosterkyle,2025-08-06 08:51:43+00:00,2025-11-02 08:51:43+00:00,2,2,26.941816768194442,37.58159963861111,True,0,False,moderate (12-48h),88
sample-org__ui-kit,garnernathan,2025-11-23 13:58:50+00:00,2026-02-09 13:58:50+00:00,2,2,42.515871695,35.13402676888889,True,0,False,moderate (12-48h),78
sample-org__ui-kit,gloriawells,2026-05-19 08:21:38+00:00,2026-06-16 08:21:38+00:00,2,2,40.655759036666666,35.93289754972223,True,0,False,moderate (12-48h),28
sample-org__ui-kit,gperry,2025-06-01 17:56:33+00:00,2025-06-01 17:56:33+00:00,1,0,62.46004852722222,62.46004852722222,False,0,False,slow (>48h),0
sample-org__ui-kit,guerreroanthony,2026-03-12 18:35:50+00:00,2026-03-12 18:35:50+00:00,1,1,36.09535888805556,36.09535888805556,False,0,False,moderate (12-48h),0
sample-org__ui-kit,hayesjeffrey,2025-01-28 04:39:40+00:00,2025-01-28 04:39:40+00:00,1,1,59.248318464444445,59.248318464444445,False,3,True,slow (>48h),0
sample-org__ui-kit,hchapman,2025-05-21 09:07:43+00:00,2025-06-29 09:07:43+00:00,2,0,32.10986466638889,32.10986466638889,True,0,False,moderate (12-48h),39
sample-org__ui-kit,henryrenee,2026-04-01 16:33:33+00:00,2026-08-14 16:33:33+00:00,3,3,45.844671228333326,58.81131326833333,True,0,False,slow (>48h),135
sample-org__ui-kit,howardkristina,2025-10-18 06:31:54+00:00,2025-10-18 06:31:54+00:00,1,1,,,False,0,False,,0
sample-org__ui-kit,ilee,2025-09-13 17:51:43+00:00,2026-04-29 17:51:43+00:00,6,5,21.063079570185185,7.085474385833334,True,0,False,fast (<12h),228
sample-org__ui-kit,jeffrey21,2024-10-28 14:37:12+00:00,2024-10-28 14:37:12+00:00,1,0,,,False,1,True,,0
sample-org__ui-kit,jenniferwilliams,2025-02-15 21:41:55+00:00,2025-02-15 21:41:55+00:00,1,1,52.045619985,52.045619985,False,0,False,slow (>48h),0
sample-org__ui-kit,jford,2025-05-12 10:35:23+00:00,2025-05-12 10:35:23+00:00,1,1,66.8763018763889,66.8763018763889,False,0,False,slow (>48h),0
sample-org__ui-kit,judyfox,2024-09-11 18:08:25+00:00,2024-11-17 18:08:25+00:00,2,1,30.819679908194445,45.856005855,True,0,False,moderate (12-48h),67
sample-org__ui-kit,karen73,2025-04-10 21:25:07+00:00,2025-04-10 21:25:07+00:00,1,1,1.573949901111111,1.573949901111111,False,0,False,fast (<12h),0
sample-org__ui-kit,kathleenrios,2026-02-22 06:32:50+00:00,2026-02-22 06:32:50+00:00,1,1,60.08556591027778,60.08556591027778,False,0,False,slow (>48h),0
sample-org__ui-kit,katrinaduran,2025-02-17 21:28:19+00:00,2025-02-17 21:28:19+00:00,1,1,33.450984758888886,33.450984758888886,False,0,False,moderate (12-48h),0
sample-org__ui-kit,kimdaniel,2025-12-04 22:34:05+00:00,2025-12-28 22:34:05+00:00,2,1,48.08513184499999,69.5476668486111,True,0,False,slow (>48h),24
sample-org__ui-kit,kmaldonado,2024-11-17 18:58:42+00:00,2024-12-04 18:58:42+00:00,2,2,25.951437238333334,25.951437238333334,True,3,True,moderate (12-48h),17
sample-org__ui-kit,kyle35,2026-02-02 17:58:47+00:00,2026-03-30 17:58:47+00:00,3,2,30.660341232222223,29.42457427361111,True,3,True,moderate (12-48h),56
sample-org__ui-kit,kylestokes,2026-04-30 14:36:33+00:00,2026-04-30 14:36:33+00:00,1,0,42.74669458388888,42.74669458388888,False,0,False,moderate (12-48h),0
sample-org__ui-kit,lammarc,2026-02-12 05:08:01+00:00,2026-06-22 05:08:01+00:00,4,4,23.92812703,14.27191127138889,True,0,False,moderate (12-48h),130
sample-org__ui-kit,laura90,2026-04-21 02:09:29+00:00,2026-04-21 02:09:29+00:00,1,1,55.766774698055556,55.766774698055556,False,1,True,slow (>48h),0
sample-org__ui-kit,lisa81,2026-01-07 10:40:36+00:00,2026-09-15 10:40:36+00:00,6,4,26.661455206296296,7.712336626666667,True,0,False,fast (<12h),251
sample-org__ui-kit,lisasolis,2025-11-13 16:49:51+00:00,2026-07-05 16:49:51+00:00,5,3,27.880463663125,23.087592649444446,True,0,False,moderate (12-48h),234
sample-org__ui-kit,lynchdiane,2024-10-19 09:36:18+00:00,2024-12-03 09:36:18+00:00,3,2,12.580058404166667,10.144922664722223,True,3,True,fast (<12h),45
sample-org__ui-kit,marcalvarez,2025-03-07 17:52:33+00:00,2025-03-07 17:52:33+00:00,1,0,33.754113598055554,33.754113598055554,False,0,False,moderate (12-48h),0
sample-org__ui-kit,mariewise,2026-01-28 15:19:44+00:00,2026-01-28 15:19:44+00:00,1,1,60.32047810555555,60.32047810555555,False,2,True,slow (>48h),0
sample-org__ui-kit,mark07,2026-02-01 05:51:21+00:00,2026-07-29 05:51:21+00:00,5,3,18.7335221885,4.809011431666667,True,0,False,fast (<12h),178
sample-org__ui-kit,mathewaguilar,2025-04-29 00:18:02+00:00,2025-07-14 00:18:02+00:00,2,2,21.170503337777777,21.170503337777777,True,3,True,moderate (12-48h),76
sample-org__ui-kit,mccormickdeborah,2024-03-16 16:13:23+00:00,2024-05-28 16:13:23+00:00,3,3,33.25995919101852,22.39105101138889,True,3,True,moderate (12-48h),73
sample-org__ui-kit,mcguiredanny,2024-12-01 18:16:43+00:00,2025-01-05 18:16:43+00:00,2,1,33.89809123194445,33.89809123194445,True,0,False,moderate (12-48h),35
sample-org__ui-kit,michael22,2025-01-02 18:40:42+00:00,2025-02-09 18:40:42+00:00,3,1,16.89320140888889,25.332644909166664,True,0,False,moderate (12-48h),38
sample-org__ui-kit,michael23,2026-05-08 16:13:25+00:00,2026-08-26 16:13:25+00:00,3,3,23.898139591944446,36.51708202333334,True,0,False,moderate (12-48h),110
sample-org__ui-kit,michaelhardin,2025-04-14 03:06:40+00:00,2025-04-27 03:06:40+00:00,2,2,22.221901989166668,22.221901989166668,True,3,True,moderate (12-48h),13
sample-org__ui-kit,michelle52,2025-01-05 16:52:19+00:00,2025-05-13 16:52:19+00:00,4,4,17.98458158861111,24.92734439583333,True,0,False,moderate (12-48h),128
sample-org__ui-kit,mitchellgriffith,2024-08-27 11:08:22+00:00,2024-12-11 11:08:22+00:00,4,4,24.937852990555555,34.239772833888885,True,3,True,moderate (12-48h),106
sample-org__ui-kit,mmckee,2026-02-14 11:39:37+00:00,2026-08-03 11:39:37+00:00,3,3,40.442598035555555,44.75540182722222,True,3,True,moderate (12-48h),170
sample-org__ui-kit,moniquewilliams,2025-01-07 07:45:45+00:00,2025-07-11 07:45:45+00:00,4,3,36.08205421708333,29.53825724916667,True,1,True,moderate (12-48h),185
sample-org__ui-kit,nwarren,2025-12-18 21:04:51+00:00,2025-12-18 21:04:51+00:00,1,1,19.631819678055557,19.631819678055557,False,0,False,moderate (12-48h),0
sample-org__ui-kit,oscar98,2024-09-29 19:55:37+00:00,2025-01-12 19:55:37+00:00,3,3,42.08798859259259,46.31948235861111,True,0,False,moderate (12-48h),105
sample-org__ui-kit,ramireztracey,2025-02-18 13:21:33+00:00,2025-07-01 13:21:33+00:00,4,3,29.201055083194444,43.16603881138889,True,2,True,moderate (12-48h),133
sample-org__ui-kit,reeddaniel,2025-05-17 09:22:47+00:00,2025-05-17 09:22:47+00:00,1,1,58.03734516916666,58.03734516916666,False,2,True,slow (>48h),0
sample-org__ui-kit,riveraangela,2026-02-20 23:28:28+00:00,2026-02-20 23:28:28+00:00,1,1,,,False,0,False,,0
sample-org__ui-kit,romeroamber,2024-07-04 01:38:29+00:00,2024-10-24 01:38:29+00:00,3,2,18.160211848055557,13.82570904388889,True,0,False,moderate (12-48h),112
sample-org__ui-kit,ronald45,2025-04-30 10:07:43+00:00,2025-04-30 10:07:43+00:00,1,1,71.72380615805555,71.72380615805555,False,2,True,slow (>48h),0
sample-org__ui-kit,russellbeasley,2024-08-27 08:26:09+00:00,2024-08-27 08:26:09+00:00,1,1,15.975774733333335,15.975774733333335,False,2,True,moderate (12-48h),0
sample-org__ui-kit,sabrinacollins,2026-01-22 06:19:51+00:00,2026-04-07 06:19:51+00:00,2,1,6.569834672361111,7.208161599166666,True,0,False,fast (<12h),75
sample-org__ui-kit,schmidtjames,2025-06-17 17:26:31+00:00,2025-06-17 17:26:31+00:00,1,1,,,False,0,False,,0
sample-org__ui-kit,schmittcaroline,2024-06-15 04:33:06+00:00,2024-11-22 04:33:06+00:00,3,3,20.828346323888887,13.3902913825,True,0,False,moderate (12-48h),160
sample-org__ui-kit,shawn96,2025-04-10 00:20:37+00:00,2025-09-27 00:20:37+00:00,4,4,11.22588791347222,13.055498746944444,True,2,True,moderate (12-48h),170
sample-org__ui-kit,smithkevin,2025-11-23 15:41:16+00:00,2025-11-23 15:41:16+00:00,1,0,59.134022948611104,59.134022948611104,False,0,False,slow (>48h),0
sample-org__ui-kit,stanleynancy,2026-02-01 01:10:04+00:00,2026-07-15 01:10:04+00:00,4,3,18.405009129166665,30.71898883861111,True,3,True,moderate (12-48h),164
sample-org__ui-kit,stephanieburton,2024-05-09 01:52:35+00:00,2024-06-04 01:52:35+00:00,2,2,24.73494451125,36.45165362972222,True,2,True,moderate (12-48h),26
sample-org__ui-kit,stephen00,2025-10-09 17:16:50+00:00,2025-10-09 17:16:50+00:00,1,1,44.818558160555554,44.818558160555554,False,0,False,moderate (12-48h),0
sample-org__ui-kit,stevenschristian,2026-01-02 00:20:28+00:00,2026-04-09 00:20:28+00:00,4,4,27.291790461875003,39.73361694361112,True,1,True,moderate (12-48h),97
sample-org__ui-kit,susanhayes,2024-05-15 17:38:53+00:00,2024-05-15 17:38:53+00:00,1,1,54.75137476555555,54.75137476555555,False,0,False,slow (>48h),0
sample-org__ui-kit,tanderson,2024-05-29 21:54:53+00:00,2024-12-25 21:54:53+00:00,6,4,21.41225708038889,14.454879472499998,True,0,False,moderate (12-48h),210
sample-org__ui-kit,thomasjames,2024-01-08 21:18:21+00:00,2024-01-08 21:18:21+00:00,1,0,56.680868393611114,56.680868393611114,False,0,False,slow (>48h),0
sample-org__ui-kit,toni18,2025-07-14 21:28:26+00:00,2025-10-17 21:28:26+00:00,4,4,25.23081443083333,26.213490008888886,True,0,False,moderate (12-48h),95
sample-org__ui-kit,trose,2025-09-01 22:28:23+00:00,2025-09-01 22:28:23+00:00,1,1,42.64673293722222,42.64673293722222,False,0,False,moderate (12-48h),0
sample-org__ui-kit,umitchell,2026-03-27 13:45:27+00:00,2026-03-27 13:45:27+00:00,1,1,52.40786837222222,52.40786837222222,False,1,True,slow (>48h),0
sample-org__ui-kit,uparrish,2025-05-19 11:58:15+00:00,2025-05-19 11:58:15+00:00,1,0,71.73885654027778,71.73885654027778,False,2,True,slow (>48h),0
sample-org__ui-kit,vbarnes,2024-02-12 09:44:47+00:00,2024-07-27 09:44:47+00:00,5,5,26.840313923888893,27.621387472222224,True,0,False,moderate (12-48h),166
sample-org__ui-kit,vincentwhitaker,2024-06-14 20:36:00+00:00,2024-06-14 20:36:00+00:00,1,1,13.91936010361111,13.91936010361111,False,1,True,moderate (12-48h),0
sample-org__ui-kit,vjones,2025-03-10 01:32:47+00:00,2025-05-19 01:32:47+00:00,2,2,4.907504110833333,4.907504110833333,True,0,False,fast (<12h),70
sample-org__ui-kit,vortiz,2025-07-15 23:22:19+00:00,2025-10-05 23:22:19+00:00,3,3,26.30062558611111,16.02263086472222,True,2,True,moderate (12-48h),82
sample-org__ui-kit,walkertracey,2025-02-06 08:04:49+00:00,2025-02-06 08:04:49+00:00,1,0,56.20674385888889,56.20674385888889,False,0,False,slow (>48h),0
sample-org__ui-kit,wareeric,2024-03-04 17:14:51+00:00,2024-03-04 17:14:51+00:00,1,1,39.047826207499995,39.047826207499995,False,0,False,moderate (12-48h),0
sample-org__ui-kit,william47,2025-05-21 21:35:05+00:00,2025-10-25 21:35:05+00:00,4,4,20.913935660069445,18.213780549166668,True,0,False,moderate (12-48h),157
sample-org__ui-kit,wnelson,2026-05-29 08:34:28+00:00,2026-07-01 08:34:28+00:00,2,1,34.83842889527778,50.029491360555554,True,0,False,slow (>48h),33
sample-org__ui-kit,wwebster,2025-12-22 06:12:05+00:00,2026-02-12 06:12:05+00:00,2,2,26.00527931638889,44.356253521944446,True,0,False,moderate (12-48h),52
sample-org__ui-kit,xbruce,2025-09-19 21:34:18+00:00,2026-04-12 21:34:18+00:00,5,4,17.648938260416667,20.60366833277778,True,0,False,moderate (12-48h),205
sample-org__ui-kit,xcollier,2024-08-19 19:13:42+00:00,2024-10-14 19:13:42+00:00,2,2,3.973713453333333,3.973713453333333,True,0,False,fast (<12h),56
sample-org__ui-kit,xhammond,2026-01-24 17:30:04+00:00,2026-03-13 17:30:04+00:00,2,2,39.39661292694444,37.15139756916666,True,3,True,moderate (12-48h),48
sample-org__ui-kit,xjohnson,2024-09-06 18:40:52+00:00,2024-10-05 18:40:52+00:00,2,2,23.116878173888885,22.275649693055552,True,1,True,moderate (12-48h),29
sample-org__ui-kit,ythompson,2024-10-01 08:48:27+00:00,2024-10-01 08:48:27+00:00,1,1,66.67203920666667,66.67203920666667,False,0,False,slow (>48h),0
sample-org__ui-kit,zroberts,2025-03-01 11:29:04+00:00,2025-06-14 11:29:04+00:00,3,1,39.19886079194444,46.35003444361111,True,1,True,moderate (12-48h),105
